"","V1","V2","V3","V4","V5","V6"
"1",2.02362757610039,0.55627885447695,1.09403358319587,0.593166829610373,1.83124592781328,1.16305644945539
"2",2.53036352445128,1.26239424970086,1.6301744716985,1.61287464555796,0.390571943685259,2.22206759019196
"3",2.96855738811317,1.22336973600108,3.28223059750554,1.83832776062058,1.14055639198733,0.0922275061858128
"4",1.66811057981034,0.941435654595519,1.58679908170623,0.449897739515107,1.63828373120382,1.2427110593853
"5",2.59424371665275,0.494904224370951,1.22842401349176,0.84681452643292,0.19685158028224,1.62385201217782
"6",2.35439215869768,0.932378835585898,1.08792976263391,1.59105842832964,1.09763577064062,-1.0053550941332
"7",1.92808814534994,1.33377495526359,1.55637123906194,0.5482735543187,1.7641590953498,0.476171065501678
"8",1.35711520852269,1.37100609170628,1.34793852408556,0.361161483941167,0.544914372568975,1.96432947761624
"9",2.18856705832805,0.747985271801009,2.67100603331295,1.17626582288043,1.99206769547773,0.131135836617393
"10",0.659666013944515,2.08905371599942,1.42833879333098,0.0639599840215128,2.1818373264846,0.0485481681551779
"11",1.17156189703711,0.565565664329365,1.57819398999664,0.107369682981639,0.305217226500968,1.76072523786022
"12",1.52935496137651,0.623513197865265,1.09717238193573,2.12986362967444,1.16121911248394,0.220955079517649
"13",1.78217467898812,0.892046976600878,0.598975837861253,0.441937650989491,2.00975771301189,1.0502121697899
"14",1.16421017840662,0.876749389520909,1.59879141843064,0.400377338593049,-1.08136270152341,1.6815436839754
"15",1.78553318887363,1.09898163118768,2.61411383239978,0.622136716934719,0.695661215966479,0.454758114454211
"16",0.410791678649146,2.06741299697929,1.44671954038001,1.00165329609101,1.90441265595173,0.49387756946567
"17",1.13767507673085,0.623328265303591,1.85235471112046,1.13787540297907,-0.836670148048317,1.77124984993412
"18",1.65169078231104,0.954094739029477,0.617154263068909,2.35148001594352,0.0188778530242136,-0.771790054047604
"19",0.780061185283875,1.9546031179128,1.29358108092646,0.275223764820675,1.59353263073771,-0.656661938502852
"20",0.592417591269128,0.650814124100959,1.71126584572775,0.440971821776393,0.00832043064812659,0.60358711938743
"21",1.45872746689698,0.930808878168546,2.32320547340015,1.60493656863681,-0.768697690625606,0.105637465910668
"22",0.565322269498316,1.43673591877955,1.66887025082143,0.450104190685123,1.48557838894684,1.14254602600016
"23",1.21481326267718,0.565456091920491,2.4616671369163,0.440100327522621,0.0971301925700106,1.37456270555343
"24",1.61134991434898,1.0559858240026,0.843252292900436,0.700469777361034,0.935514369451952,-0.483316761762526
"25",0.602474346964676,1.74179198131913,0.903580303423252,-0.0884012274836069,1.5810648485271,0.142940217539256
"26",1.25996540737747,0.111461987629556,1.32143945678807,0.325258523599648,-0.526591054133829,1.56072023778657
"27",1.60935235403389,0.946603557237157,2.31817179880211,1.19234889395139,0.970475302234861,-0.650037506115309
"28",0.691203992598456,0.731112945712079,1.52515862452957,0.315956645979467,1.54898841076501,0.383740485165946
"29",-0.0417320727162035,-0.187751023959639,1.82899873400182,0.698648734953942,0.80113335703644,1.68823336264194
"30",1.19427061219115,0.367343730373164,1.06273633509433,1.71682225654392,1.40178874638097,-0.467084539575237
"31",-0.188389867146568,1.20315820956676,1.50218212481242,0.336272574717118,2.37639709714501,-0.117174150443819
"32",0.903005902651331,0.267569241270388,1.69307402421785,1.17961402697083,0.696954268289497,1.68846501911703
"33",2.03213143208214,0.66199951006227,2.25955298502514,1.42087643709308,1.79177501987307,-0.15686951614761
"34",0.407846770225978,1.66588598365204,1.45821849324424,0.349397120412081,2.18490625264241,-0.704500653541917
"35",-0.17275831626808,-0.686881790852729,2.18446659042409,1.10637579460377,1.47916732021849,1.53857803648425
"36",1.46645302707555,1.07374015221775,0.552180170742439,1.9711748889444,0.254894992250345,-0.550895496658022
"37",-0.143498034626168,1.79572024966137,0.810051429280513,0.371974994346103,1.55914041578251,0.0417978980136488
"38",0.0403552639219495,0.96736787635636,1.32282143890501,1.38049634292215,-0.0210411126558239,1.84753347841688
"39",1.46494490865373,1.22197778246501,2.59090761735578,1.80455329248006,0.737690970161633,0.0373897836793766
"40",-0.263966820864994,1.50995389083442,1.27693892935316,0.149513205408737,1.7224061801208,-0.226563680307076
"41",-0.233079095671063,0.662812463257563,1.91284973913259,0.509468751244312,1.43659827939505,1.76727830414525
"42",1.23553961491861,1.24460125173474,1.04295067102353,0.891617079142419,0.111930470442618,-0.379708350429227
"43",-0.386136445228362,1.73658723256588,1.33273423521926,0.135145735436375,1.37724110010729,0.80696101673652
"44",0.40917160658521,0.56911435804945,1.53078214192503,0.00240320100454092,0.487491201996481,2.34009429786801
"45",0.978678607655875,0.759475415493141,2.89375449983972,1.56228990565014,1.04377995782772,-0.614993668663675
"46",0.289780993612886,2.24671471385125,1.65365992115093,0.416656110432613,1.59144787026813,0.317844270172151
"47",0.124557987869707,0.295102689628921,1.96430622328395,1.17315656744656,1.31474497403177,1.54184275005892
"48",1.76875838363464,0.4128424478365,0.138897146980453,2.23072805839,0.991762778292916,-0.378019975158795
"49",-0.4275327227389,1.54958115237563,0.997664991269279,0.548357138541719,1.84297137087199,-0.190523245216687
"50",0.214472503435128,0.57730050282799,1.4838113675032,-0.067186691813296,0.348460471576815,0.612465533107583
"51",1.83923272093754,0.950906688316505,2.742423983611,1.806853378506,0.55087198857748,0.387472346628759
"52",0.317389841852133,0.772060592497194,1.28157193753476,0.31998405425316,1.61208227097144,0.587879022861654
"53",0.258199537517254,0.603092949619256,1.63573207394882,0.653355754944447,2.19220462659362,0.508508138912425
"54",1.30108233083305,0.49271180607729,0.941666562599869,0.396865804158017,1.20951576089159,-0.3126306691067
"55",-0.44277527678743,1.79110259379606,0.79364584103648,-0.208030821008511,1.24802334698659,1.16493701253844
"56",1.17467212407809,0.336769731298634,1.31202466597209,0.560888043525048,0.716397147579532,1.38427451423947
"57",0.857970544453042,0.802640130720732,1.82379651285317,1.38804211531461,1.13512783845081,0.0492449857316086
"58",0.335846085886965,1.52351534613547,0.820722351013214,0.557056567905086,1.80732383766754,0.0793657958928962
"59",0.330317841391546,0.559587373777382,1.69655612232839,0.900338014939047,1.74765841037277,0.641040528763773
"60",1.43389399029389,0.749514821266772,-0.0399265366744751,2.08053183810188,1.09707970018626,-0.378563743483087
"61",-0.353668683301667,1.82944630087983,0.432300297148328,0.630595586891853,1.14660259810851,0.595107264806616
"62",0.834793688932059,0.457283851810199,1.63463977960924,-0.0801828357796283,0.574466131597308,1.68342658957159
"63",0.783408915944468,1.03634305055862,1.48001780708228,1.7959989944597,1.60727912266218,0.366886361408429
"64",0.441361320736388,1.5156479806983,1.22011123007622,0.278728698942521,1.32007186305247,1.42358090616017
"65",1.09977253337215,0.489374706234559,2.22236888200505,0.423646734357745,2.15188838740116,1.71807170096382
"66",0.427101813736357,0.294981781365998,0.626885132184819,1.87765986218138,1.55247237944692,-0.0782224834329816
"67",-0.718909303809629,1.22236857772428,-0.946062328853805,0.524950341685174,1.83137277216305,0.361532033883179
"68",0.157823339173507,0.872727210584671,0.924208181517812,1.16622599428577,0.332739914019638,0.872850908733082
"69",2.1959010180344,0.472797058676193,0.718166363370766,1.25059093030607,2.04153757418714,0.572882397450204
"70",0.422158406308077,1.61747334313839,1.22814434975068,0.181388094492644,1.99321242652322,0.445370804282461
"71",0.332422853598046,0.306239198260118,2.10385656008835,1.46705061962285,1.92425067811902,1.66872220549498
"72",1.88412896152109,1.08773938626719,0.506906164429641,1.85826683455874,1.33710037973137,-0.0802240990209373
"73",-0.333720763893567,1.5191861333818,1.35817573893366,0.387942961472433,1.6927148766814,1.26274108545271
"74",1.38458206091436,0.741762399833766,0.999760145520738,0.807699286084568,0.843428927556263,1.8550876313647
"75",2.4193772752997,1.24229425109749,0.763314100953464,1.91978843843823,1.06841525814542,-0.543940431570705
"76",-0.367687359497373,1.95546476707364,0.759715244915464,0.592577560067532,1.67875875701491,1.34031645120326
"77",0.175033363956982,0.569804598992634,1.76737670157621,1.25950543118821,2.42065276906737,1.59267966045194
"78",1.42346653108566,0.525860324469177,0.617614054522368,1.42365438971955,1.30664997805515,-0.557776630255854
"79",-0.538588252113524,1.64459007428037,0.183886660012097,0.193176575244256,2.16470809945855,0.99629663025346
"80",1.14344557535565,0.667296380049105,1.73497134913535,1.24649866626348,0.757575502799583,2.0854817397805
"81",1.95984092014597,1.60336965654081,0.467838078789833,1.94640276259156,1.18856063383373,0.223630145047953
"82",-0.136510536040326,2.04761146139826,0.318686699699696,0.245307852548026,1.81745078375053,0.110694680867643
"83",0.642574949937085,0.0943350088795948,1.61747003504694,0.687012890211013,2.80335015577383,1.47625950620228
"84",1.56673949183856,1.4598433766178,0.599981226050942,1.47798367818664,1.42743190053817,-1.2021489814901
"85",-0.860949122079315,1.92521227073352,0.344222920243749,0.543676999979789,1.38622129679623,0.698027023772185
"86",-0.336490559185833,1.02993072373395,1.41614025378576,0.672548364764191,0.850344577235443,2.15095344597331
"87",1.50899009948871,1.47548021382518,0.516498165057859,1.58175704654498,0.692763736578657,0.316620118799893
"88",0.264786400305455,1.99708746418754,1.2135789748532,0.347375948974996,1.88674440761053,0.0506081214113665
"89",0.0959992094012365,0.506196015222159,2.20051909199609,0.595645035062049,1.41154252987126,1.69309258137772
"90",1.60312823932785,1.1851511681302,-0.0997949252020867,1.67691168314416,1.00724013073454,-1.2975577761208
"91",-0.931416892964651,1.94963386597234,-0.191172210164614,0.48095400057113,2.00812377482501,-0.0364889728742998
"92",0.447163581818142,1.1092199676574,1.72164311884226,0.624616899550306,0.437045080651443,1.46044158129152
"93",2.04535616035477,1.03280233595788,0.709551984639612,1.39908894874666,1.10456938516224,0.180302851627731
"94",-0.614444927886724,1.35269805316224,1.51002620893262,1.02373037093027,1.95771086810914,0.763418375267323
"95",-0.052423065410438,-0.464692287576586,2.36218476773906,1.05885894607745,2.65783696522134,1.61898556714023
"96",1.249471760967,1.24068748936718,0.197182363959282,1.12071679299709,1.43299038874624,-1.14485910013956
"97",-1.24684816850508,1.58749171416394,1.49113199553813,0.409994021823327,2.11199623547673,1.03849388451145
"98",0.472064110988456,1.32549288229503,1.76102768900238,1.37675093414062,0.932749367388007,1.94453582598796
"99",1.05773374459799,0.834747842882385,0.777152103479002,1.94968749854913,1.08408836073778,-0.0268243720442421
"100",-0.649424837113053,1.82757575298255,1.20242687370663,1.18410728489961,1.18369937895229,1.32658119257562
"101",-0.418676798119148,0.362511009354328,2.27753135302807,0.691305227511522,2.39142698741647,1.23448829018387
"102",1.29684916480631,0.76414194381697,-1.05758357777366,2.27991816508883,1.2960833994257,-0.326365479071057
"103",-0.768188143235211,1.66609447567757,0.212282493504635,0.014782084796286,1.19700398264261,0.691143961899223
"104",0.518664550299479,1.14374005173602,1.65291053351339,0.227277271916068,1.14512712900644,1.07932442651326
"105",1.54603912340708,0.137507450244404,0.545397341477416,1.3497748211325,1.34655415421632,0.168938804045493
"106",0.0552349381716423,1.46507038325392,0.580652285321851,0.757291326791682,1.29099923285482,0.689789501072882
"107",0.183360001663692,0.285130480402749,1.73849103684152,1.31376767751213,1.84286983439312,1.38087503217083
"108",1.84912923417063,0.973667086620022,-0.460776139152682,2.16593325482734,1.07418203029345,0.188069416439975
"109",-1.59691412711567,1.85564209543303,1.00206217511098,0.359604583802379,2.1566577966615,0.152065968385252
"110",0.784758152462282,0.8566352482115,1.64465471557744,1.51409516175419,0.813540352608736,0.0593248326618165
"111",2.23823479864811,1.10278494772608,0.86311472093215,1.05453747829046,1.42013462861832,0.111858710219754
"112",-0.422914328414957,2.06222606656518,0.520132354453555,1.51279827731124,1.80643033039754,0.0396529973162974
"113",0.0211507646439235,0.172380450636958,1.29788567271505,0.906571422139579,1.85326520306498,1.03514964271036
"114",1.73547909136922,0.988118856012934,0.604632750042925,2.21106583508678,1.12390668910545,-0.0191179330384994
"115",-1.44256513235414,1.74869507910827,1.23160696558729,0.141857474980362,1.58017401379579,-0.180007768498336
"116",0.15912846877771,0.887019359389102,0.784267552891618,0.781303358519217,0.479101264483236,2.02354988066919
"117",2.39631640457155,0.385257285208936,0.550122056126284,1.29550158187089,-0.440357631772552,0.519187021356204
"118",-0.526572964517228,1.5890051392283,1.34543691346661,1.7599256526124,1.06610193132381,0.452639635253702
"119",0.0912430568780279,0.643669746338671,1.7727088031698,1.6811134651379,0.890009453185275,1.47803828400858
"120",1.72236974918453,0.190340011038719,0.531244134414356,2.19608469607055,1.35906560683357,-0.0476508511965573
"121",-1.36148000493564,1.57750693227888,1.63203540751393,0.29473109445841,1.19596217987914,1.11251823791257
"122",0.773641324444046,0.263564360894472,1.04979972880293,1.32158652267742,-0.0788057615597238,1.72522275485661
"123",1.69924701090964,0.836034654338783,0.474989757861735,1.91363942778358,1.07463714293054,0.512577207883939
"124",-1.02879818998675,2.25904167946924,0.757366622935709,1.43180536670124,1.08359579742959,0.491811410297337
"125",-0.479245343733129,0.421923172422701,1.79186904529413,1.76465840845496,0.979840840127871,1.20298038984605
"126",0.963805985350818,0.628573702531031,0.201875462712516,1.57672382255737,1.06157626904944,-0.28362092004334
"127",-0.334253091219437,1.29344064619086,0.868566154938109,0.506275908116879,0.931298005646285,0.35216358274989
"128",0.196186891523566,0.212258715469376,1.59475446981992,1.28563656400286,-0.198724934619019,1.25402943872075
"129",2.02371496353707,-0.288493425428644,0.553544373306593,1.85412606791962,0.811466263856704,-0.0620973455413856
"130",0.292196057171852,1.0324144998932,1.07544612158002,1.15141375622528,1.15367202704119,-1.24911534501518
"131",0.510287555077307,0.199171257175119,1.97051370632663,1.01917900674556,1.46672181505258,0.605772732501956
"132",1.15534225937407,-0.109283233423506,-0.850710309101984,1.48591159852666,1.10324012870016,-0.0271298534337876
"133",-0.462218814684169,1.52389799428439,0.65296893305002,-0.517937584092376,2.12266818390486,0.471911991086677
"134",0.0161646804599502,0.640795312350296,1.87811073786054,0.493093237476692,0.47470398368181,2.01698346036682
"135",2.27256549035175,1.23942267384603,0.372707061784539,1.64138228775362,1.21083602828505,0.431737909370901
"136",0.399339584814918,2.05615993188219,0.479817432405367,1.17011024394329,1.18045131377467,-0.468752687700601
"137",0.109083044683186,0.614070156622493,2.12280848387496,1.01998457723505,1.17868117493461,0.561688097976891
"138",1.63508602889005,0.740827434545497,-0.793172837369275,2.21656487470878,1.37893590768397,-0.303851714732731
"139",-0.487862472640956,1.03312297679356,0.993172278947647,0.630130619928557,1.45183927575907,0.88145367238506
"140",0.922700222566286,0.67159333027965,1.48373095373092,-0.349958999202365,0.361061461118955,2.04822080307229
"141",0.870710125193099,0.927873511899615,1.46136470515948,0.960266816662906,0.846117888328014,0.480295054090332
"142",0.139785786606727,1.48242494907374,0.758897172487315,1.51126923893692,1.01249918312172,0.526385418179612
"143",0.648680498446641,0.334700407746192,0.712910380189901,1.31985647423126,1.60922952950204,1.29122054852955
"144",1.22898970495642,0.59088990082693,0.616085229240273,2.08860143722679,1.27308737047232,-0.324971613419058
"145",0.0886425506397732,1.69345337876116,0.255872381844086,0.511930593570359,1.33128798025748,1.07422382294315
"146",-0.0756851980621447,0.21539860835178,1.07815138557726,1.51887033059811,0.795471928213774,2.13304921748613
"147",1.18194362362842,1.11753495560949,1.41332244384579,1.88175915079971,1.70737237347807,-0.0373803957204383
"148",0.409518537160399,1.87427410236233,1.18702493466373,1.18229140331817,1.69062226383642,0.680789560342047
"149",-0.0183467445800459,-0.234883487713199,1.1865156947259,1.30846878891005,1.08372255072425,1.50134471757858
"150",1.45994795220378,0.120561030295334,0.737229726388737,2.2271877361221,1.39078829161419,0.0346400650056346
"151",0.742127698749676,1.64165381175919,0.52556786445028,0.574446438747757,0.966930692415417,0.0742070876908954
"152",0.777568982112242,0.4509563919567,1.81229986151232,0.970711840335003,0.569263495397972,1.01235588891139
"153",1.16746295932358,0.848378936470865,0.716067073658893,1.64186139113493,0.018286082453951,0.352110502616838
"154",0.62758307024828,0.759224086674712,0.151339334384931,1.28547148125047,0.0334630457834628,0.109866245221892
"155",0.903277874077598,0.384593778573194,1.26075952592328,1.44746050708756,1.23059737365114,1.76824639006636
"156",1.78675354719591,0.81853084135382,-0.469428198165283,2.36115512912393,0.52656808374486,-0.341195428123634
"157",0.845333251605577,1.25365689885436,0.968615616068796,0.541148046883544,2.11371185166159,0.754038304271548
"158",0.633323125164632,0.430883989484972,1.5986452183647,1.4022758737408,0.704795158484117,1.92488553830206
"159",1.78639965890271,0.632832921197185,1.90084010406205,1.8779503462306,0.481911617077037,-1.00418654897195
"160",0.681028486888047,1.77130230878113,1.37120463807791,0.74307919392194,1.41171009696083,-0.12988728757918
"161",0.374225175362593,0.581220928555717,1.82863384644621,0.877266909081983,0.279834395422104,0.655395030410428
"162",1.11356650655782,0.695450136339551,0.720586957781205,2.07047259188301,1.14949733636561,-0.653418867319766
"163",0.324940514587548,1.25106132726623,1.42761383347759,0.673350571135374,1.12838354908784,0.0322518284851971
"164",0.625784373897569,0.16879731956097,1.62041625963112,1.00582779523727,0.321123533957335,0.783361801480081
"165",1.61061073473359,0.666386944751856,1.72977765629272,1.66141846165939,1.40152279781075,0.442207939402002
"166",0.443065453633018,2.15632527775716,0.413897326840978,0.312117064545748,1.36323155841182,-0.0621233311553067
"167",1.00643280955551,-0.0179624253247115,1.69228304303241,1.02743540829608,-0.864575018576065,0.830822528864611
"168",1.87163979124862,0.647168874313079,0.194082140366733,1.4652801689092,-0.463096021631756,-0.0165681829371034
"169",1.10089650236072,1.6307582604002,1.43794707024978,-0.629743223495599,0.666832756695858,-0.521715048282662
"170",1.37531130220547,0.298445202189137,1.75576471441318,-0.0274374337427321,-0.792217388524061,1.24474949141075
"171",2.16999110823423,1.00920939965777,1.07822980570226,1.76055893855267,0.746280233917311,0.542072591367024
"172",-0.00616737575479704,2.21844620430248,0.993040286000569,-0.153562690415499,1.45037375208759,-0.254020307816385
"173",0.0968627232187705,-0.103261571822732,1.38142709130583,0.902593255565493,-0.89281880555467,0.902233673787837
"174",1.41357367252247,1.28319288813101,0.67762765090176,1.71390883300978,0.023878378432189,0.212568647032785
"175",1.08632170978579,1.80129492559393,0.654697122030961,-0.340417097756817,1.00593528942957,1.05900203340334
"176",-0.0216677890761238,-0.146330281894428,1.74188968576492,1.18032536786881,-0.921674829508751,1.6681863641984
"177",1.57185139968725,-0.434802069082745,2.4141888798271,1.40614991830269,0.437275259454545,0.385446817842098
"178",0.705573367758338,0.356933211903791,1.11094490768354,-0.106065464624669,1.38633990562558,1.29896383990729
"179",0.873945105057423,0.0473988616522878,2.09474569952567,0.919862731896283,0.611931475678647,1.19727179251742
"180",1.49733609783531,-0.221250942544077,0.990458578527333,1.40552219022301,0.946901958050027,0.439681683033072
"181",0.389724299843758,1.31254393573918,1.6394720728011,-0.325563259141256,1.88378774980104,0.743168581656909
"182",1.3344060156269,-0.070992273174493,1.44455670665353,0.0243775843173578,0.678498443276689,0.94016502004944
"183",1.95620495788469,0.411178451489618,2.39345861063681,1.77655868766135,1.50045676921366,0.586959488566897
"184",0.388788603133164,1.82194352475714,0.580234557110385,-0.12413532136528,1.87691706555471,-0.414591927279668
"185",-0.302630439742991,0.499739010573694,1.84068871192956,1.22911556051237,-1.37863675582811,1.53236463347368
"186",1.39686136421433,-0.497758368716771,0.976001085658893,2.24334066385617,-0.346747717575389,-0.144794566157258
"187",1.22926177480815,1.27192601756111,1.66773867745885,-0.110996269812986,1.5668853598965,0.938555455820261
"188",1.31035703003553,0.316138793284224,1.86198492753942,0.756528285645814,-0.0771872082057926,1.31585655594496
"189",2.24684958827858,1.21452971089127,2.19798759316099,1.74712603142859,1.16656498910463,0.380130326886202
"190",0.616590606729506,1.79246105647209,1.65765282652032,1.0221626761097,1.42863091399613,0.258073548874545
"191",1.72040161943607,-0.548230911548599,1.67857627619793,1.55763851139757,-0.454731147810559,1.67424955527849
"192",2.12865331979215,-0.541964315035418,0.940424269378651,1.81996472413694,1.10316792332017,0.395713434294857
"193",0.741664154554575,1.54643393452111,2.08091190869172,0.535084765201275,1.73708098896798,-0.0339717774179499
"194",0.786002789927891,0.256517819614528,1.94188459668026,0.614775658912785,-0.0752938806806054,1.44090817067917
"195",1.8709723807518,0.769546172750532,2.35005746911546,1.93658899941989,0.106590519184067,0.355954580093099
"196",0.624555979960024,1.9888772644453,1.26678763079237,0.702966788777139,1.75018330170188,-0.763365665801743
"197",1.14074369432991,-0.962671045281441,2.21305809157803,1.35095439233702,-0.548814047176756,0.279771309868593
"198",1.78259039897742,1.32812984778092,1.302995929249,1.84069224204712,-1.10765190509318,0.954556793135508
"199",0.641401140670362,1.1937748358496,1.84439249509043,0.647092355813301,0.310719508271554,0.523095548566784
"200",1.3343432796306,0.23291224904508,1.84990267416196,1.3961864588058,0.46069959144272,0.332362253433946
"201",1.8803431706339,1.02655730127479,2.11747476232533,1.81978920115028,0.107635669814515,0.629855138203586
"202",0.529436710523226,2.13459613612853,0.785536298506811,0.827272468833056,1.50502114799975,-0.0922959036019717
"203",0.952905497203501,0.220561869249361,1.69040192053244,1.47380831033869,-0.517933985652132,0.835782752859202
"204",1.76256588314258,-0.555129781254969,0.9169839540346,2.34151714111802,-0.322639645049379,0.973272362134586
"205",0.750426978837463,1.34003851920703,1.03490966957384,0.325547017601188,1.07436711682291,-0.122571586921853
"206",0.85122758857193,0.308193704727764,1.7832327155161,0.955123720014931,0.611554047086095,-0.0775250095322482
"207",0.0960367660917887,1.07717194972318,2.35571502150991,1.96752432071165,-0.289822347064309,-0.0137326970435147
"208",0.62415937090027,1.00585712207033,1.35560854008927,1.23808185914492,1.71920235248214,1.36380356019215
"209",0.920592913628146,-0.353083568087936,1.94158173388464,1.60164915625939,0.582657922157119,1.15179159936595
"210",1.6283318236039,-0.400430602261699,0.317921319853403,2.40274088736255,1.06451069394163,1.27440580798849
"211",0.861521318684439,0.182691459408216,1.3243611485401,0.131292509965248,2.18937957351547,0.737480342482837
"212",1.03478827760135,0.226389655922622,1.24499763475277,0.402559453235486,0.494672448824707,1.94232675139746
"213",1.95465811087806,-1.08442973921868,1.88636820289386,1.72011595796213,0.0883288622349842,0.557122735853788
"214",-0.596202337710951,1.02224593462466,1.43874691668462,0.575378956453659,1.15438984743077,1.26652929552505
"215",0.877511665896518,0.607490454161986,1.3516971189974,1.38105368986046,-0.127533642136772,1.71779675005166
"216",1.60708291922779,0.279101680160052,0.435731898245865,1.65600618742986,0.24237225680881,1.02116149132159
"217",1.36009571345419,1.44839597411166,1.01228113149461,0.431918918803446,1.16959429689694,0.927323518720942
"218",0.745180879845973,-0.405700502835642,1.84943167891578,0.33614056498169,-1.03671666516807,2.00788484308721
"219",2.03914743477229,-0.0263366820476277,2.12129434377181,1.58372458711071,0.515123418992015,0.612587761773422
"220",0.76671800072038,0.977174443490865,1.49289790847871,0.753759645080862,1.87522224154144,1.56967567616038
"221",1.34980373313212,0.512941246401389,1.57284330625152,0.96992254705071,-0.349874431476807,1.60356171859609
"222",0.600523507235892,-0.199777416197473,0.709399349066771,1.55734141487093,0.301141584433562,0.7622310845876
"223",1.61441438533831,1.20568409151519,1.76434320571352,-1.01080262913785,0.856714500739218,0.245077052638631
"224",1.29046896863671,0.640178514751878,2.06698679094707,0.289009051211542,-0.0539191127227444,1.18799160218626
"225",2.08779826182543,0.448222990696737,1.79042706057949,1.84682410306763,0.518637941174303,0.405262350430434
"226",0.55723117532276,1.03388618882884,0.401311342681704,0.649443787846721,1.49750052336744,0.0274962077936222
"227",1.28310470573244,0.596285313119151,1.22512486285309,0.830238102552904,-0.291298360053202,0.114060125515214
"228",1.41180624626292,0.86393366821291,0.638055018826352,1.83976582850345,1.30016917601669,0.945855419806667
"229",1.03035635879726,0.849204257901149,1.4127085576763,-0.104938235205672,1.82559351974281,0.483856448337479
"230",0.854766094116341,0.764093973106156,1.31650050687091,0.425007483915651,-0.251971885572174,1.18845733397041
"231",0.947488443827753,0.827232096560972,2.0375236098582,1.04133349997652,0.657664665261788,0.643677075476403
"232",0.580878812915775,0.206908283969708,1.11900895820278,0.195736555031997,1.63964402494437,1.52086772335913
"233",0.0282317570767434,0.579824677806142,1.59854144108775,1.07732605233637,-0.393581765598338,1.36915078026351
"234",1.61202252754004,0.749993350702485,0.53719700196569,0.885267431248501,0.472203032167275,1.55141585157269
"235",1.32118344330625,1.67895230174796,1.60201355271196,0.0813157548387227,1.9821224818514,1.26369747327393
"236",1.09969213881759,0.830100870488427,1.944803558462,-0.400836977204175,0.423993990654312,0.876965656845823
"237",0.443241840263288,0.753794451271903,2.44855701251279,1.24839104389466,0.304662995082547,0.719688903337888
"238",0.616575897524014,2.12452134339106,1.59060040383367,0.151378090759011,1.67700779322406,1.34452328632729
"239",0.839221046404804,0.58941404536259,2.11541087974754,0.88566632088513,-0.392074468413997,1.37165410287249
"240",1.04919648479833,0.210388720089251,0.960689635856754,1.46824568758164,1.02410195265826,0.915995528752808
"241",1.02732909106785,0.894506265522344,0.773765843557302,-0.557222863388062,2.16621649644541,0.815729893352749
"242",0.786525895315039,0.805481802915008,1.35318403546162,0.957631085507339,0.0619110417398136,1.64563704361145
"243",2.02926688150938,0.855058455252852,1.4763129204383,1.30935157601508,1.18554824887924,0.62576154835059
"244",0.550238797758542,1.5169014915406,1.28669269916572,0.280626077843162,1.56379444447543,0.204075021259825
"245",1.4897399313755,0.449985854883267,1.04815657659122,0.452657881985694,-0.107120578290203,1.39223697318591
"246",1.7067022340942,0.215760327878111,0.660158611839734,1.74730855741304,0.725448601877262,0.570085236683814
"247",0.616041325709965,1.29631310381742,1.59957774516788,0.54414278706424,1.32034152474262,1.41768197455199
"248",1.02255789546725,0.937903986235928,1.1145399771675,-0.00274448494492857,0.489019771871463,2.28765396388647
"249",1.95077633445798,1.08971613519681,1.78353455537449,1.74894581443476,1.00810578562376,0.585180034385427
"250",0.627733237706832,1.25232260801849,1.4795748207126,0.193506465359231,1.37829708209441,1.65164361986275
"251",1.23531334818736,0.705569149032799,1.72619315130466,0.624270947377215,-0.224073841910925,1.7186215403183
"252",1.78653312000314,1.03171210714231,0.878248553655829,1.22325078736732,1.05432957643267,0.437242066611161
"253",0.353624634954552,1.47118404061989,0.561164539553548,0.489536219753677,1.6810488022168,0.945796123113111
"254",1.28233724500264,1.34803995951068,1.73548305640927,0.242263315929596,0.135175399761666,1.28375694251687
"255",2.12590594924989,0.820579057102467,2.49143261903888,0.816859316707709,1.04446861830746,0.20649080517314
"256",0.603977141388994,0.784267687302575,1.28499652331113,0.248541318860601,1.28393664899111,0.58497626363329
"257",0.344907561588627,0.677295737725734,1.72117710403016,1.06526476961199,-0.261280861191943,1.35262323383875
"258",1.7772856761894,1.4813912315863,0.950283581089993,2.05894334311444,1.16936233825899,0.609022672382487
"259",0.465674904241612,1.86160875858822,1.11875976748189,0.551360514057324,1.19000777107967,0.723312851946407
"260",1.10747182088648,0.306700086265951,1.82207477616675,-0.076258348094812,0.32431819033572,1.89300263724339
"261",1.70802115603269,0.356424109070598,2.26810280603874,1.61417548242719,0.723246555038441,-0.372162149243712
"262",0.0166054573970015,1.08148970505085,1.37107926080703,0.903936190818243,1.7898616282854,0.164389855473035
"263",1.49808913966239,-0.0533543270723544,1.67472254551836,0.574779455326425,0.120730702126548,1.72905860231212
"264",1.4868329721848,-0.441751055083892,0.992388365476248,1.43091019323125,-0.218535825375955,1.58221532394055
"265",0.298226773488406,1.05616979121646,1.33874530330967,0.64013576081286,-0.26760091829242,1.29509357831761
"266",0.0243436577000368,2.09007024727789,1.91578763249208,0.942474542853778,-0.0356252887951512,1.70501943931901
"267",1.16886645755475,1.38410044515978,1.89501818547903,1.77286183732551,0.170803661018411,1.04671046929763
"268",0.414198531837094,1.91704512599299,1.29371334201333,0.798937704261305,1.39867578553936,1.75170132101804
"269",0.650909051143757,-0.166049559729365,1.65754590443388,1.01382091006601,0.066318519157285,2.10729115841025
"270",1.82049225682617,1.46826591778181,0.193741286927515,1.99490645013939,0.0242972531742396,1.20935721899632
"271",0.104099787385655,1.50715773779183,0.143953612516399,0.607646787549446,1.74800395665454,1.51890156731211
"272",0.389598903107504,2.23217635440017,1.55852270287413,0.393549121279388,0.249160292365932,1.79744547306492
"273",1.60699647664774,1.46389007247699,2.01605948320505,1.85017868057352,-0.645018045339777,0.646815765581764
"274",0.58498876632245,1.08632327014691,1.48341840089138,1.5807267080531,1.22616313525578,2.08340018826115
"275",0.579814989431915,-0.217237400651159,1.36995774951887,1.38225443300748,0.423330871916853,2.24803768965587
"276",1.63865343758225,0.287781503885579,0.817427567495546,1.55922088828849,-0.117435588142021,1.4479572131883
"277",-0.114129667431522,1.77409002859442,0.911485094455078,0.68165100720931,0.544383046352274,1.51545247398716
"278",0.444209381698009,1.91094034079117,1.85094004705358,0.967002573705512,0.228748813321513,2.13221668044583
"279",2.0833747480788,1.46336764146035,2.67012504418767,0.786359302224908,-0.360003946125763,0.562375026904777
"280",-0.306059596798609,1.871167559878,1.57728282461708,1.37622617497532,1.34030018486113,1.81883090488269
"281",0.468640303361562,0.378392308120273,1.33283717888952,0.825596635428868,0.763906534132459,2.25011421437331
"282",1.18739434953997,0.446389783163365,0.810112170871261,1.03732945207893,0.872085673173132,1.57098008062111
"283",-0.0848818349679215,1.8318105026806,1.04243923445681,0.394193577893466,2.13153530746933,1.09026106425171
"284",-0.313818119556738,1.6552724813506,1.76854010260468,0.508157678758539,-0.276610540135004,1.918931805714
"285",0.470589397193408,1.44755757718613,2.64868417587902,1.08828517781322,0.0772656482115245,0.922193845044666
"286",0.0382473290039568,2.2101883341556,1.33362196474614,0.608870875516611,1.09826351170793,1.66694449695242
"287",0.960640438592067,0.277305131189639,1.2356360630935,1.15757455137256,0.868203766822674,1.8204476875314
"288",1.60473688883219,1.22119416995184,0.805543977607949,2.00944469284018,0.779578841814406,1.75382187494245
"289",0.819522978737059,1.76783767423511,1.63093601325197,-0.0956588393912405,1.76438461081635,0.84624869716953
"290",1.03054525048307,2.08125972808983,1.59600396287602,0.932157517443238,0.601562961298968,2.0866896652633
"291",1.64024805994875,1.69136557874917,2.52114881257527,1.80117892276535,1.42338570163379,0.902087519603258
"292",-0.213715648789249,1.68605200678772,1.54734212165982,0.711746943146971,1.73675928326603,1.74896309351509
"293",0.477266879631243,0.647120512903934,0.616698500257479,0.573689055768289,0.857259033471322,1.80284705234427
"294",1.69258734509983,0.805012588939002,0.876268826712979,1.72399452437394,0.775879236904705,1.65035303383723
"295",0.627473860456181,1.71096057032885,1.0379845702765,0.533481043487516,1.02231632500404,0.669793976414739
"296",1.21591881609318,2.1225639432983,1.76203402090491,0.797116529800121,0.482584191616956,1.58098585178813
"297",2.06681804007171,1.15511971082456,2.78532010632017,1.72887521009461,0.565256616585185,0.777763308006793
"298",0.530872352742627,1.74987892549377,1.26777470149077,-0.288607182318082,1.74802966674296,1.26675530659708
"299",0.111151462834041,0.734014011997271,2.03597061428451,0.741358411476976,0.577765296947272,1.59633015487057
"300",1.69919398036281,0.948781757585614,1.07957355457141,2.0494963582669,0.715679878018493,1.88045483427755
"301",0.363659108372171,1.84364766340049,1.25848794291679,0.457815751849419,1.4148299965623,1.38159872556618
"302",1.25415490400879,1.81185038127473,1.79904791229792,0.35281728559457,0.305258245156967,2.20545868927499
"303",1.75718269938604,1.47277989765764,2.5933831542398,1.78559357014681,0.491268690842991,0.758932697287645
"304",0.506816073655216,1.99615543067724,0.968018038144672,-0.395714718976316,1.72756269691136,1.742942329099
"305",-0.00614611239681115,0.626044399487553,1.76915137856594,1.11651572599424,0.0861538294593325,1.74031151868506
"306",1.68118245974802,0.431198345401635,0.598308973525753,2.1847064108112,1.76152495821449,2.24533677929095
"307",0.760460942772204,1.4138728765857,1.44242895724109,0.433192010939147,2.51477794836882,1.51537449346511
"308",0.0563107580992364,1.79534580507028,1.56932779084766,0.14184684539152,0.265471592242246,1.96476472734264
"309",1.20843968733116,0.768327989220039,2.31344550188461,1.09731055568911,1.50469309333807,0.738128771091877
"310",0.768515039704168,1.94131909646126,0.361349053320157,-0.237455803391951,1.6763098072888,1.63502967332469
"311",0.0564583036968823,0.760074375639776,-0.0325303674002284,0.830991270005378,0.0379231841702148,1.90939792175572
"312",1.42965456941154,0.691431679646727,0.681714195223013,1.21639563155301,1.09079545500532,1.79855324612575
"313",0.859013286654355,1.56104830561875,1.24467001860944,0.37867439398844,1.4776359880059,1.64023379177006
"314",0.363466450940957,1.87266907838838,1.65944513461265,-0.855189420233595,0.430772734317683,2.64167261521004
"315",1.79650059363143,1.38192884422191,2.1905221602826,1.47239307127682,0.962670284623121,-0.0302767208632004
"316",0.27083933915932,1.49867795614296,1.42195160885325,-0.42135550034269,0.647487802786808,1.68332116946543
"317",0.54840999474588,0.838254290449953,1.79216381806543,0.470204357926027,-0.539384795380278,1.93660726248579
"318",1.82150690531853,0.810090493490494,0.517363409129866,2.09445702817447,1.19204837557334,1.7249493219433
"319",1.56416995501123,1.44324247812148,0.729784624819069,0.390554951091505,2.24531525025477,1.29591539505876
"320",0.911868972300605,2.01501223102182,1.8445391435252,0.439083913834018,0.202496863660188,1.81675182319317
"321",1.12751179481574,0.907908352675269,1.88416426353701,1.8068068085008,1.31038497206906,0.0577721069086958
"322",0.394122798657091,2.20030590807058,1.14878574336597,-0.578298528170638,1.59949868240354,0.229169849085392
"323",1.51550530194397,0.663574362373381,0.962955031909131,0.679560910703377,-0.509663006526753,1.36246323626721
"324",1.80209558962547,1.37093779157899,0.639362063190779,1.899001635476,1.02313703529244,2.15188240747601
"325",1.54835988029674,1.06083463598476,1.66458435082504,0.469838468228699,2.41886824042459,1.49135101074292
"326",0.818631206517695,1.42838864260436,1.4626884880708,-0.0210039171974451,0.450035987628968,1.93720747366396
"327",1.10518920249768,1.04766378625728,2.14176858616086,1.09524766234825,1.52024360367882,0.259143247158244
"328",0.565119859930139,2.11497686100669,1.35336846110429,-0.178102504582659,1.5909579481446,1.09639314902013
"329",1.574659451678,0.229507993412078,1.45274157038538,0.806850672147477,-0.11229126199875,1.69240440019544
"330",1.55393360999813,1.10220086708458,0.620211021077409,0.982497888013664,1.06740164280073,2.03779468562057
"331",1.03811137449383,1.48000863855687,1.08400714393586,0.379857646091698,2.41138486913655,1.2738558448729
"332",-0.104769370428862,1.38828191375412,1.87276237539318,-0.351550962114072,0.30063706904881,1.61023684202288
"333",1.76371360238507,1.07504270361871,1.77809300228191,1.79937951092374,1.28810590349128,0.535366924363649
"334",0.841151134296026,1.87438077303633,1.35148926163308,0.254016110142187,1.83390966368266,1.47835914185701
"335",0.229822758341889,0.734099632996211,1.99804007009286,0.329608757960417,-0.256476132423646,1.77996831820164
"336",0.955062360846921,0.891005392382486,0.15840750513077,1.06785955950455,0.696968571719415,0.96775131092167
"337",0.888010705736004,1.83695654033566,1.34110596038443,-0.0181743291192852,1.50251357645016,1.15745109011567
"338",1.01954771763526,1.33201799993936,1.90876117761585,0.0480650411338785,0.5364086931159,1.86603784244441
"339",1.7157117297262,1.28356415639338,1.1015366407325,1.47715864417228,0.0263031628134772,0.139786355699149
"340",0.230892346556706,1.54589513420081,0.993158858812137,-0.81069462716615,1.48103797940313,1.18054816101527
"341",0.514511970990351,-0.279915207017173,2.03566848541471,0.772972137175394,0.0537811129566238,2.09739593937885
"342",1.0961605099258,0.859635631289129,0.463365959677426,2.08744200272336,0.34832152921975,0.917419033802066
"343",0.907385601686739,1.56170977302161,0.867214452430435,0.107819892128893,1.98825342243983,1.65186777379573
"344",0.976155797773662,1.48526458804348,1.54258009863371,0.868946590554063,0.374176141311942,2.86828289893613
"345",1.87758237828036,1.02616750273746,1.24753188543096,0.963796618998191,-0.0352477701370278,0.48033190798234
"346",0.505499188201052,1.51894581396969,1.11340185261249,-0.480285669551869,1.60527655991618,0.998109273197383
"347",0.808724301352022,0.62882212392178,1.39147171883281,0.171906648778602,-0.125976912807901,2.02105794479019
"348",1.7138047929163,1.55602740535122,0.105086325621844,1.47055770500695,0.141046863061243,1.23900730261655
"349",0.736912594523972,1.57143871437441,0.19686072373155,0.0089614419830393,1.89827082801506,1.44151118754593
"350",0.546974964758753,2.43778931907942,1.75571568041444,-0.385363321941153,0.389771971860265,2.30931574718847
"351",1.91872091149571,1.22766590214217,0.715918183244846,1.14008355261924,0.372793388802312,0.826408743170898
"352",-0.625608182493086,1.55252193301806,1.25197047877481,-0.120818107669726,1.64545182704936,1.74644920418694
"353",0.216127877602176,0.948657979782743,2.00973286288954,0.117537094202695,-0.838707198778256,2.0116051353091
"354",1.73339053588819,1.77699046028225,-0.191154139708855,1.30621418545891,-0.089586078985056,1.15844661293048
"355",1.62692074203353,1.88452412337311,0.924298671713574,-0.800310927790619,1.35036890028468,0.681709214006106
"356",1.25818529788254,2.98235361340841,1.70214084974257,0.875354739520291,-1.63070288594433,1.26410748481252
"357",1.3566500535781,1.57425031546423,0.588422029342859,1.35377387160327,-0.526695441853093,0.573924624757333
"358",0.831845978320952,2.16465359993642,0.844186785261503,0.126524072485001,1.42861829263145,1.36843153989535
"359",1.20398872020381,0.606605417156116,2.12512374001434,0.992292979960146,-0.740353952728841,1.78472917354927
"360",1.87185370349531,1.42961216125921,0.536578697700857,1.34985494200132,1.20562864066071,1.35510393293932
"361",1.58874515887396,1.50846814844254,1.15991941329947,0.200161025584057,1.80424561479356,1.42275189363526
"362",0.330591207250838,3.36747817860311,1.52227039353098,1.47343134185635,0.0463068180946037,1.93031713199886
"363",2.00309165857366,1.43201289571517,0.32698011482685,1.48122788792197,0.803472900979969,0.807426138861455
"364",0.382196606995275,2.16991192170098,1.33675331671056,0.248250779148954,2.00466958467632,0.636587186087828
"365",0.520432479767958,1.10563519567664,2.18793039246327,0.575553776147914,-0.654070056482667,1.80132244066755
